1|Otkaz|06/09/2025 11:35:10 AM|4
2|Otkaz|06/09/2025 11:35:10 AM|4
3|Otkaz|06/09/2025 11:35:10 AM|4
4|Otkaz|06/09/2025 11:35:10 AM|4
5|Otkaz|06/09/2025 11:35:10 AM|4
6|Otkaz|06/09/2025 11:35:10 AM|4
7|Otkaz|06/09/2025 11:35:10 AM|4
8|Otkaz|06/09/2025 11:35:10 AM|4
9|Otkaz|06/09/2025 11:35:10 AM|4
10|Otkaz|06/09/2025 11:35:13 AM|4
11|Otkaz|06/09/2025 11:35:13 AM|4
12|Otkaz|06/09/2025 11:35:13 AM|4
13|Otkaz|06/09/2025 11:35:13 AM|4
14|Otkaz|06/09/2025 11:35:13 AM|4
15|Otkaz|06/09/2025 11:35:13 AM|4
16|Otkaz|06/09/2025 11:35:13 AM|4
17|Otkaz|06/09/2025 11:35:13 AM|4
18|Otkaz|06/09/2025 11:35:13 AM|4
